{
  "project_info": {
    "project_number": "398048493385",
    "firebase_url": "https://ultra-acre-447004-c4-default-rtdb.asia-southeast1.firebasedatabase.app",
    "project_id": "ultra-acre-447004-c4",
    "storage_bucket": "ultra-acre-447004-c4.firebasestorage.app"
  },
  "client": [
    {
      "client_info": {
        "mobilesdk_app_id": "1:398048493385:android:c90f9b3a7dd5717e75e498",
        "android_client_info": {
          "package_name": "com.example.carefinder"
        }
      },
      "oauth_client": [],
      "api_key": [
        {
          "current_key": "AIzaSyASOgP9VcVF6jrFu2zFL9qr22ztbkiz4pU"
        }
      ],
      "services": {
        "appinvite_service": {
          "other_platform_oauth_client": []
        }
      }
    },
    {
      "client_info": {
        "mobilesdk_app_id": "1:398048493385:android:b144658192b8149775e498",
        "android_client_info": {
          "package_name": "com.example.mockcarefinder"
        }
      },
      "oauth_client": [],
      "api_key": [
        {
          "current_key": "AIzaSyASOgP9VcVF6jrFu2zFL9qr22ztbkiz4pU"
        }
      ],
      "services": {
        "appinvite_service": {
          "other_platform_oauth_client": []
        }
      }
    }
  ],
  "configuration_version": "1"
}